user_id,session_id,category,brand,cost_price,selling_price,discount,timestamp,referrer,device_type,os,browser,ip_address,payment_method
USI_30,4584c66330A0E07E50bD6df6a315FBAb,Desktop Computers,Dell,52207,58573.0,621,2023-10-26 18:46:39,met382,Laptops,Android,Microsoft Edge,128.117.201.197,Debit Card
USI_489,e9F0ebb2Ae952fCceB5b54fE07ACB0E7,Networking Equipment,Giorgio Armani,99028,111012.0,101,2023-10-26 18:46:39,yim994,Tablets,Linux,Vivaldi,136.115.234.153,Net Banking
USI_422,3239c78F4A09Beebe9Ff3E1feB58eF7b,Tablets,AMD,80189,86630.0,534,2023-10-26 18:46:39,vhk659,Desktop Computers,iOS,Firefox,54.20.96.66,NEFT
USI_362,70fe61bDfff4CEfeDF507BD3CFDf7AeE,Audio Equipment,Intel,33281,38654.0,514,2023-10-26 18:46:39,0,Smart TVs,Android,Safari,235.241.23.153,Net Banking
USI_435,A75eD4d0cD4Ee26108F6b113C72BFcBB,Smartphones,Fendi,48954,56849.0,472,2023-10-26 18:46:39,sci993,Smartphones,iOS,Safari,90.27.29.192,Cash on Delivery (COD)
USI_739,80EADE3dF4000aF15d4126BfbEEFC57A,Networking Equipment,Microsoft,97314,109905.0,1739,2023-10-26 18:46:39,0,Laptops,Linux,Edge,164.200.105.79,Mobile Wallets
USI_586,7E2bEEDCb055FD84DEDEFFbbE90D712e,Desktop Computers,Corsair,43574,48490.0,1113,2023-10-26 18:46:39,0,Tablets,Linux,Firefox,198.204.174.128,EMI
USI_651,3f0087975a6cE828fCC5Ba7B3546197c,Audio Equipment,Nvidia,99578,111052.0,1084,2023-10-26 18:46:39,0,Smartphones,Windows,Opera,146.26.236.236,Debit Card
USI_451,9B0BD34A2BD87DB6acD4ceFa9eeAF071,Laptops,ASRock,79625,85039.0,1037,2023-10-26 18:46:39,0,Gaming Consoles,Ubuntu,Brave,125.206.243.134,RTGS
USI_336,47FB533A3DE4d0eDef0F94c6EEE56BaC,Tablets,Swatch,19031,20996.0,1743,2023-10-26 18:46:39,hef414,Laptops,macOS,Brave,91.68.50.207,EMI
USI_10,b4fFbBBe99ed53C8A51FeADD5aDF42EF,Networking Equipment,Acer,49700,53925.0,1920,2023-10-26 18:46:54,yxk814,Smart TVs,Linux,Vivaldi,186.229.4.151,Mobile Wallets
USI_620,D6bAeBCDC5f45E2bed272ec4cF6cb16A,Accessories,Michael Kors,44377,49987.0,1726,2023-10-26 18:46:54,sfb687,Laptops,macOS,Chrome,212.217.33.250,EMI
USI_967,e81e909CA302069fAee7A3d58cdA18fc,Accessories,Toshiba,21750,24714.0,1021,2023-10-26 18:46:54,jxg83,Desktop Computers,Windows,Microsoft Edge,11.121.228.129,Mobile Wallets
USI_965,E9d8Bd57F4FA400eE0cd6cB28830A770,Accessories,Corsair,56927,65966.0,1881,2023-10-26 18:46:54,nzm500,Laptops,iOS,Vivaldi,101.103.209.5,Debit Card
USI_594,1d2775ddd0fF51dBCbDD9Bc5229086aC,Gaming Consoles,Intel,23226,27028.0,1358,2023-10-26 18:47:08,khf990,Laptops,Chrome OS,Edge,69.73.200.234,IMPS
USI_241,53E82b84EC10f81E71aCC754C3Dda1fa,Gaming Consoles,Burberry,40174,46542.0,271,2023-10-26 18:47:08,0,Tablets,Linux,Safari,103.158.24.140,Debit Card
USI_462,5d73A750b9a02AaB0bABdbBdFAed3aE3,Tablets,Western Digital,28365,32927.0,1803,2023-10-26 18:47:08,rij87,Tablets,Chrome OS,Edge,231.50.213.59,UPI
USI_5,fF73E7C70A73E7A6702c4660AeCd32d4,Gaming Consoles,Hyundai,26588,31044.0,1442,2023-10-26 18:47:24,0,Tablets,Windows,Chrome,12.111.54.9,Mobile Wallets
USI_218,5f778542Eb25f402bDeDC02CEbd7D58A,Networking Equipment,H&M,57504,67910.0,653,2023-10-26 18:47:24,njx626,Laptops,Windows,Safari,141.27.33.14,Cash on Delivery (COD)
USI_535,7f45b2D5bF8C3B0EAFaF46ba08c904FC,Laptops,Hermes,70331,79944.0,1966,2023-10-26 18:47:25,0,Gaming Consoles,macOS,Opera,246.60.75.61,Credit Card
USI_64,52F04EC15E83a05dFa2210B26F6FdBB0,Wearable Technology,Samsung,98205,113562.0,562,2023-10-26 18:47:25,ybn931,Tablets,Linux,Firefox,143.89.74.158,Credit Card
USI_127,504c7385E411DD43bbaa59fBA5B922c9,Digital Cameras,Beats by Dre,52298,58238.0,339,2023-10-26 18:47:25,0,Gaming Consoles,Ubuntu,Yandex Browser,80.78.86.38,Net Banking
USI_423,ec2Cc4ECFAbE06F2b346560d6F9e3c37,Home Appliances,Converse,94681,108305.0,223,2023-10-26 18:47:25,qcb119,Laptops,Windows,Yandex Browser,38.26.119.194,UPI
USI_495,9ffA9e1eCEeD229fCb5bfecC0Fd17Ad5,Wearable Technology,Under Armour,38708,44208.0,106,2023-10-26 18:47:30,0,Desktop Computers,Linux,Firefox,166.2.118.46,IMPS
USI_248,eFfADFf9CB86a3b76FED53d8437F1cE1,Audio Equipment,HP,43071,48586.0,327,2023-10-26 18:47:30,0,Smart TVs,Linux,Edge,74.255.10.154,NEFT
USI_406,F0a723c771eFBb97ccAAcEcB05B25704,Televisions,HP,36557,41877.0,1538,2023-10-26 18:47:30,0,Laptops,Android,Edge,129.77.100.226,UPI
USI_795,a2f5EeA36FFfadD188Da9dE5cD2Ac064,Laptops,Nokia,42484,47830.0,987,2023-10-26 18:47:30,0,Tablets,Chrome OS,Edge,180.224.7.130,RTGS
USI_698,ee8aAaF297445F5Fb6Bc2E4DFa670825,Laptops,AMD,13086,15040.0,464,2023-10-26 18:47:30,0,Smartphones,Linux,Vivaldi,7.199.187.224,UPI
USI_305,65eCF46B12BFEBCFb5ebA03a41ce31C6,Smartphones,Diesel,38607,43229.0,186,2023-10-26 18:47:30,0,Tablets,iOS,Safari,3.229.128.165,NEFT
USI_601,9Ea2780008Af000678fFA8Ad29f0D22B,Televisions,Sony,13895,16465.0,877,2023-10-26 18:47:30,0,Tablets,Android,Opera,0.227.46.175,IMPS
USI_516,FFC332bF30F73a51d908A2eD5fA28f9B,Gaming Consoles,Verizon,8972,10142.0,911,2023-10-26 18:47:30,nlb425,Smart TVs,Linux,Yandex Browser,25.91.18.183,Credit Card
USI_25,bD4bc8897f6A8F50C2fEfAD3fEaB69d1,Desktop Computers,Coca-Cola,20572,22034.0,153,2023-10-26 18:47:57,ugg526,Desktop Computers,Ubuntu,Microsoft Edge,189.122.108.54,Debit Card
USI_595,998F617Cad76e1B5caA11EbF80dDC625,Wearable Technology,Canon,17480,20817.0,907,2023-10-26 18:47:57,edq357,Smartphones,macOS,Microsoft Edge,187.228.254.151,UPI
USI_921,bbddb01ddacF81c81cAFd8acC370dBBa,Accessories,Fujitsu,21278,23797.0,1406,2023-10-26 18:47:57,dra174,Gaming Consoles,macOS,Brave,132.174.47.129,NEFT
USI_757,fEEe19AfCE3aba0C2b14bA59Dfc66096,Wearable Technology,Xiaomi,58773,68641.0,1464,2023-10-26 18:47:57,eit676,Tablets,Android,Microsoft Edge,213.89.226.150,RTGS
USI_797,DA2240D2CDc9Af1EB7dC8d6EaBcB43fF,Laptops,Chanel,36987,40311.0,1919,2023-10-26 18:47:57,0,Tablets,iOS,Firefox,130.173.179.141,Net Banking
USI_426,CDfE722DBebd6Dd443d6efe4170eeddc,Laptops,Dell,94515,109414.0,235,2023-10-26 18:47:57,0,Smartphones,Windows,Microsoft Edge,197.138.102.129,Cash on Delivery (COD)
USI_497,04FCE046d58aAF3FBBeb09796bFDaD09,Accessories,Samsung,58717,67975.0,1302,2023-10-26 18:48:05,0,Gaming Consoles,Android,Edge,174.217.37.244,Cash on Delivery (COD)
USI_932,7D6cd37eA0B0FcadE6EC2d348f596B40,Digital Cameras,Sony,91500,97489.0,1372,2023-10-26 18:48:05,tcs486,Gaming Consoles,Ubuntu,Yandex Browser,64.0.11.142,Net Banking
USI_149,aAbFc638a2BfBADbf9B9368fb7DA1d9E,Smartphones,Lenovo,29850,34382.0,738,2023-10-26 18:48:05,zis82,Laptops,Chrome OS,Microsoft Edge,184.205.92.119,NEFT
USI_51,cdA194c895AC16E4f6c6c40cb13a4f8b,Audio Equipment,Apple,22862,24134.0,1374,2023-10-26 18:48:29,0,Gaming Consoles,Android,Vivaldi,100.216.63.174,Net Banking
USI_279,A3ceD64E073Bc3DF1a3A54D4c83db6eC,Networking Equipment,Reebok,73727,84451.0,1564,2023-10-26 18:48:29,sfn553,Smart TVs,Windows,Vivaldi,231.221.114.143,Debit Card
USI_646,ECbeC9991ee5eCc6Ec3CBA239bBeBCd3,Televisions,Panasonic,15845,17421.0,1830,2023-10-26 18:48:29,0,Smart TVs,Windows,Edge,188.199.81.161,UPI
USI_879,95F4bec2D72acDfaBb4a147DF0def0eE,Gaming Consoles,Kingston,34584,37539.0,1296,2023-10-26 18:48:29,0,Laptops,Chrome OS,Safari,5.71.37.211,NEFT
USI_875,7Ee8B9d8C6BBDe8c933A67B3eF5732c3,Tablets,Casio,75986,82147.0,471,2023-10-26 18:48:29,0,Tablets,Android,Yandex Browser,3.239.113.72,UPI
USI_433,Ac28985BcBcaFcd151bFd1b0d3661FFF,Audio Equipment,Audi,39145,46382.0,1483,2023-10-26 18:48:29,dso264,Gaming Consoles,Chrome OS,Yandex Browser,63.196.6.122,RTGS
USI_379,701D13Ee04bBE52Ad44242a3cd62039A,Televisions,Beats by Dre,85152,90273.0,1421,2023-10-26 18:48:44,rrs521,Desktop Computers,Chrome OS,Yandex Browser,85.139.179.42,EMI
USI_723,f8c3F6Cc3bA414cea7cdf7BE38F9D4Ef,Tablets,Intel,70532,83572.0,115,2023-10-26 18:48:44,0,Desktop Computers,Windows,Vivaldi,48.253.34.228,RTGS
USI_469,646E9b39F4eDeAaBb1e6fbc1cBB9E71e,Laptops,HP,69065,79946.0,1174,2023-10-26 18:48:44,nwy679,Desktop Computers,Android,Microsoft Edge,29.180.38.127,Net Banking
USI_991,97AF8bedB8A6Fbe9cbee5e6bC148eedA,Desktop Computers,Kingston,58584,68348.0,334,2023-10-26 18:48:44,0,Smart TVs,Chrome OS,Brave,113.205.157.88,EMI
USI_574,0AD9246F65f1dC3EADCeA6a171A67e2B,Wearable Technology,HP,99765,117085.0,141,2023-10-26 18:48:44,kav360,Desktop Computers,macOS,Edge,17.57.54.236,Cash on Delivery (COD)
USI_792,BDa6DD734AAB79BD6C1C3AfD2fECa73C,Audio Equipment,Toshiba,17254,20632.0,1087,2023-10-26 18:48:44,kup720,Smartphones,Ubuntu,Safari,64.5.238.172,RTGS
USI_602,ceEc0c77bd05Baeca7Aff9Cc941D40FF,Digital Cameras,Samsung,23041,25637.0,1791,2023-10-26 18:49:00,0,Gaming Consoles,Linux,Chrome,51.128.33.160,Debit Card
USI_43,cEAF9dA1d617e72E3f34BDF46CcA7Ec4,Accessories,Vizio,16018,18283.0,1801,2023-10-26 18:49:00,bsf653,Smart TVs,Linux,Brave,49.152.75.246,IMPS
USI_324,ad11BaEB1B022c1ba5d330bC1f72b142,Smartphones,Under Armour,35534,42256.0,508,2023-10-26 18:49:00,0,Gaming Consoles,Windows,Vivaldi,186.135.56.52,Mobile Wallets
USI_77,fa4F570c0F1BEAFCfD6fAFCB1E0d2CFe,Smartphones,ASUS,53322,59983.0,1783,2023-10-26 18:49:00,0,Gaming Consoles,macOS,Microsoft Edge,126.22.94.214,IMPS
USI_664,d88bC6D34e1EdB0ba63485d0A8C11523,Tablets,Huawei,84161,92087.0,1611,2023-10-26 18:49:00,0,Gaming Consoles,Chrome OS,Edge,132.36.233.84,UPI
USI_711,83F551AEe92f2DF19Cfb34956Cc67dba,Networking Equipment,H&M,30901,36813.0,565,2023-10-26 18:49:00,dvh449,Desktop Computers,Ubuntu,Opera,27.6.69.80,RTGS
USI_353,C0a643f2B7dFfa6cC1E74d2FDBb8b0A3,Digital Cameras,Nokia,26995,30163.0,244,2023-10-26 18:49:00,xsy403,Smartphones,iOS,Opera,116.153.254.178,Credit Card
USI_274,aa7dF08D6AAA1CdD1d8fFfd0bab54F7a,Tablets,Vizio,62744,73032.0,1890,2023-10-26 18:49:00,0,Smartphones,Windows,Safari,30.155.175.36,RTGS
USI_772,AAfa54f48b9e24f87f69F534907CABcE,Networking Equipment,Sony,66281,70739.0,359,2023-10-26 18:49:10,0,Desktop Computers,Ubuntu,Firefox,168.108.100.197,Debit Card
USI_951,E4Ae6dafC966aDC75a4d2bc79c482888,Accessories,Kia,15508,18502.0,1117,2023-10-26 18:49:21,qpj763,Smartphones,Ubuntu,Opera,88.59.51.236,Cash on Delivery (COD)
USI_852,d85A23B92621BebaCAca4Be7CD655aAb,Laptops,HP,78679,91617.0,633,2023-10-26 18:49:21,0,Desktop Computers,Linux,Vivaldi,152.62.107.154,Credit Card
USI_524,504dCaf8983d6eb9fDD04DA62a3Cbe35,Audio Equipment,Lenovo,71785,85685.0,676,2023-10-26 18:49:21,twl44,Desktop Computers,Windows,Firefox,168.208.199.6,NEFT
USI_630,cB12cad5d074a66eb3729b4Bb97176CA,Laptops,Razer,7374,8586.0,1891,2023-10-26 18:49:21,ook430,Smart TVs,Chrome OS,Firefox,15.219.17.154,Mobile Wallets
USI_638,3177a5ACA63DF6a52a5dF881fb222baf,Smartphones,Philips,4988,5538.0,955,2023-10-26 18:49:21,0,Desktop Computers,macOS,Chrome,195.184.215.223,Cash on Delivery (COD)
USI_305,6EF64ac8ba4A4bf09E75F805a6BCb795,Wearable Technology,SteelSeries,56290,61253.0,785,2023-10-26 18:49:21,0,Smart TVs,macOS,Opera,82.254.41.111,Mobile Wallets
USI_957,d86c2aCDC9aC593B4E564e6C188A89C7,Desktop Computers,ASUS,63692,67685.0,1764,2023-10-26 18:49:21,dot486,Tablets,iOS,Microsoft Edge,165.3.21.154,Debit Card
USI_985,A7cabbE5cfC19Dbb73f6dbDbB54Cc315,Networking Equipment,Volkswagen,34691,40170.0,1996,2023-10-26 18:49:44,0,Smartphones,Linux,Edge,127.243.237.113,UPI
USI_430,C4AD8c57C388370abDcBE9aCe8fB4F5D,Televisions,Microsoft,24508,28165.0,1377,2023-10-26 18:49:44,mer861,Desktop Computers,Chrome OS,Safari,227.221.142.107,IMPS
USI_123,FBFF7F7E3cf0Bf850c8E38FcDEf9c0E4,Audio Equipment,Giorgio Armani,72351,86154.0,494,2023-10-26 18:49:50,kts173,Smart TVs,Ubuntu,Edge,82.167.69.157,IMPS
USI_302,cb7Ae6bdc7C47a9472de728DA41EaFBb,Laptops,Gucci,36128,42435.0,1218,2023-10-26 18:49:50,pfu356,Laptops,Android,Edge,103.228.108.216,NEFT
USI_332,FF270B4C3Ea02baD9A3Ff2e1Dac8c6d6,Tablets,Western Digital,98005,105119.0,1262,2023-10-26 18:50:07,ats332,Desktop Computers,Windows,Edge,73.227.28.139,Mobile Wallets
USI_644,4CBedE9794bABf9ECcaFa6f7dFBb87ff,Desktop Computers,Toyota,54824,62098.0,1016,2023-10-26 18:50:07,btd310,Gaming Consoles,iOS,Chrome,92.195.206.204,RTGS
USI_803,06640624a5fe14F57e7f257e5D92Fc18,Digital Cameras,HTC,77711,86169.0,1581,2023-10-26 18:50:07,0,Laptops,Ubuntu,Yandex Browser,123.122.154.230,Debit Card
USI_310,09e46D701f9a59F58ebc82350805aDBD,Gaming Consoles,AMD,30815,32451.0,359,2023-10-26 18:50:07,0,Gaming Consoles,Windows,Vivaldi,107.223.46.121,NEFT
USI_536,A3a5089D2AaD54D9D48EeBfbC6aEBB40,Laptops,Samsung,60642,65290.0,1801,2023-10-26 18:50:07,qhz689,Smartphones,Windows,Safari,179.120.43.67,Cash on Delivery (COD)
USI_113,C1B2bE86973dbabBCC4BB72969c9D31a,Home Appliances,Sony,76072,81938.0,334,2023-10-26 18:50:07,lae778,Gaming Consoles,Chrome OS,Edge,19.131.50.101,Debit Card
USI_837,caB457a8A12cc60e2Ea84B4F84eDB9E8,Smartphones,SteelSeries,51671,59848.0,1431,2023-10-26 18:50:32,0,Tablets,Android,Microsoft Edge,192.52.68.53,IMPS
USI_459,A3b5Fb77c6Fd15fB6E8eD4beCFEb2c4C,Gaming Consoles,Samsung,32320,37654.0,1357,2023-10-26 18:50:32,0,Tablets,Chrome OS,Edge,138.151.237.182,Net Banking
USI_433,4f6Db022367FD350958BeEdC0aA4d5Ca,Audio Equipment,Samsung,55819,66054.0,732,2023-10-26 18:50:50,0,Gaming Consoles,macOS,Opera,144.94.166.162,IMPS
USI_92,6A1f3C7b525a9d24AEDd9C9acedF9724,Tablets,Microsoft,44456,48470.0,1182,2023-10-26 18:50:50,0,Smartphones,macOS,Opera,177.13.120.0,RTGS
USI_699,8b3e3E8d85AF6A9A8E18709d40121D0A,Digital Cameras,Microsoft,80299,93308.0,112,2023-10-26 18:50:50,0,Tablets,Chrome OS,Safari,125.169.45.90,IMPS
USI_747,bfcc27F8efE2613ffE9cfD1bcFC3bF9D,Desktop Computers,LG,81192,91929.0,586,2023-10-26 18:50:50,fmz356,Laptops,Chrome OS,Safari,68.19.187.72,RTGS
USI_598,2b4eDfaB3dc4b2ED572F98613a2b3eEf,Audio Equipment,Apple,23502,26457.0,555,2023-10-26 18:50:50,0,Tablets,Ubuntu,Safari,164.33.55.12,Mobile Wallets
USI_344,e0FCA9Ef39eB3FE1Cf5dEdfced9Bfd95,Wearable Technology,Motorola,13833,15274.0,1977,2023-10-26 18:50:50,qiv354,Desktop Computers,Chrome OS,Safari,142.131.67.93,EMI
USI_618,2F012Dc81c779a6BbDc244A6fa6F1f54,Desktop Computers,Timex,9084,10599.0,1015,2023-10-26 18:50:50,0,Tablets,Android,Yandex Browser,90.122.207.134,UPI
USI_207,0de4a16e3e3C74e9a003223aAAf37aF3,Televisions,H&M,5397,6189.0,368,2023-10-26 18:50:50,tuk83,Gaming Consoles,iOS,Vivaldi,142.31.102.166,EMI
USI_630,9fF4fa66d6034C43C2D033a328CD4F9D,Networking Equipment,Sony,23576,27874.0,1625,2023-10-26 18:50:50,kih195,Smart TVs,Ubuntu,Firefox,228.78.162.132,Mobile Wallets
USI_933,ab7f8Eee6B5a02CECE52d978925a44F5,Home Appliances,Western Digital,89273,98531.0,1097,2023-10-26 18:50:50,0,Desktop Computers,Ubuntu,Brave,25.211.231.140,RTGS
USI_18,F7aBEa7b97cdE73D59a9DDCECDa3cf83,Desktop Computers,Sony,97780,114251.0,1563,2023-10-26 19:04:02,xer66,Gaming Consoles,iOS,Chrome,191.109.86.189,Mobile Wallets
USI_698,77E5a4AFD8497594Cb85e96b220baB33,Wearable Technology,Panasonic,25522,30396.0,1445,2023-10-26 19:04:02,mkk466,Tablets,Ubuntu,Brave,104.189.78.208,IMPS
USI_652,2eb4f9464eadDAe5657EE70E9BCe8e2c,Laptops,Nikon,44361,52211.0,1343,2023-10-26 19:04:02,alx940,Laptops,Ubuntu,Opera,25.165.48.75,RTGS
USI_500,CFF03b43AE06ea1B9f1bfBB0F5fbA7f9,Smartphones,Dell,29947,32183.0,1596,2023-10-26 19:04:02,0,Smartphones,Linux,Opera,50.223.23.250,UPI
USI_206,D41B7eC7A7b841989C3Ef48BCfDecbb3,Tablets,Nokia,80488,94396.0,149,2023-10-26 19:04:02,0,Smartphones,macOS,Microsoft Edge,87.196.160.209,UPI
USI_790,3Dfe259f2ca5bdda3D12AADef68922Ee,Digital Cameras,Philips,79511,89695.0,1583,2023-10-26 19:04:02,0,Laptops,Windows,Edge,255.162.216.21,Mobile Wallets
USI_603,Bf3Ca94CA7cb0a43daEcd47fBaC5575d,Gaming Consoles,Intel,8854,10369.0,911,2023-10-26 19:04:02,0,Tablets,Linux,Firefox,98.46.24.65,Debit Card
USI_53,806A915Ad6cC183dE799fAa7F0cECAF3,Networking Equipment,LG,23598,25908.0,157,2023-10-26 19:04:02,rhw20,Desktop Computers,macOS,Edge,79.199.23.7,EMI
USI_925,9C443104fad1D0f5F2cB0C9Ee5283BcA,Networking Equipment,LG,51113,57678.0,1896,2023-10-26 19:04:08,0,Smartphones,iOS,Firefox,37.26.90.38,Debit Card
USI_357,DD11D12b1D845C1E9F87F6C9b0514E3f,Digital Cameras,SteelSeries,82740,92446.0,509,2023-10-26 19:04:08,ncp70,Laptops,macOS,Opera,102.92.189.91,Net Banking
USI_658,88580725CFc956CAd9354aECB42a0234,Wearable Technology,H&M,78317,88831.0,545,2023-10-26 19:04:28,nym228,Desktop Computers,Ubuntu,Firefox,229.5.182.185,Net Banking
USI_13,F53C63De4D1630C0AA98eC2bD65EDd52,Tablets,Fendi,81931,86475.0,644,2023-10-26 19:04:28,wub949,Desktop Computers,Linux,Vivaldi,143.26.7.224,IMPS
USI_623,Ff0073F2f726dbda6F156bec0D965E17,Laptops,Panasonic,17455,18405.0,1568,2023-10-26 19:04:28,jwj431,Tablets,Linux,Safari,48.184.117.21,NEFT
USI_901,Dfed83FC96E911fEd0FA9e3DdBc2413f,Gaming Consoles,LG,26289,28029.0,1674,2023-10-26 19:04:28,0,Tablets,Windows,Edge,136.252.83.72,Mobile Wallets
USI_298,0e2ECb3f78577A85549DF6a6a64BdFFB,Desktop Computers,HP,58430,68446.0,1136,2023-10-26 19:04:28,0,Laptops,macOS,Vivaldi,96.52.120.153,UPI
USI_275,db3EAAcEFeA418fD9cd65B7Adebb7a57,Tablets,NZXT,23795,27651.0,237,2023-10-26 19:04:28,0,Gaming Consoles,macOS,Opera,175.13.187.86,IMPS
USI_506,BFFB0065a5136BddFaDABFdC3A90AbE8,Audio Equipment,NZXT,29798,34057.0,1710,2023-10-26 19:04:28,0,Gaming Consoles,iOS,Opera,166.87.19.106,EMI
USI_149,7CC064b10211017aDE62d6A6a3bbdC4f,Networking Equipment,Pizza Hut,29582,34608.0,1637,2023-10-26 19:04:28,zhs659,Smartphones,macOS,Brave,151.53.9.176,IMPS
USI_631,BD4233E8Df7E160Edc4473519658AE7d,Audio Equipment,HP,15152,16883.0,112,2023-10-26 19:04:28,0,Gaming Consoles,Android,Firefox,88.242.112.182,Mobile Wallets
USI_230,47Ee9FF0156aaf2eA0a31fa28DDBe55F,Networking Equipment,Sony Ericsson,90277,108161.0,1882,2023-10-26 19:04:28,0,Smart TVs,Android,Vivaldi,144.170.197.73,EMI
USI_551,6c6f89A6BC67d08f7Ebee72A3b0F5dd5,Tablets,G.SKILL,77750,88836.0,1655,2023-10-26 19:04:48,0,Tablets,Chrome OS,Chrome,147.211.12.47,IMPS
USI_634,53bcCaef2c1cE51af5aCbd55A9cEAC0e,Digital Cameras,Panasonic,49502,54041.0,1021,2023-10-26 19:04:48,0,Gaming Consoles,iOS,Microsoft Edge,128.135.248.160,Debit Card
USI_245,c42E88Ea2F1aBd1a82b9965D3eD5B99D,Home Appliances,HyperX,48282,51987.0,300,2023-10-26 19:04:48,rdx499,Laptops,Android,Yandex Browser,184.207.6.234,RTGS
USI_744,D6EaAadC261F64c7cCadDB3aDfD963F4,Wearable Technology,Toyota,6149,6547.0,1066,2023-10-26 19:04:48,0,Tablets,Ubuntu,Firefox,53.56.90.112,NEFT
USI_905,Dbd9d6DAe33EBD3cb9B5CbF50a2A071e,Tablets,Google,49799,52923.0,209,2023-10-26 19:04:48,mwu64,Gaming Consoles,Ubuntu,Brave,235.130.8.168,Net Banking
USI_339,E667AAc9aC8caFe3f58C38bDB2fdF496,Televisions,Razer,77053,87423.0,524,2023-10-26 19:04:48,0,Laptops,Chrome OS,Vivaldi,249.229.217.233,IMPS
USI_287,c8e1e54203Bb0f0EB9FFa57d8eFB166D,Laptops,PowerColor,15579,18195.0,609,2023-10-26 19:04:48,pfs171,Gaming Consoles,Linux,Yandex Browser,128.47.34.44,RTGS
USI_675,fDBf8af48b5FAadc4Eb0Eeccf91b4b23,Wearable Technology,Sony Ericsson,43427,49803.0,913,2023-10-26 19:04:48,0,Desktop Computers,iOS,Brave,227.50.51.15,EMI
USI_484,7A7bAdA4afFBfE7674bD00Be290C4F9c,Desktop Computers,Microsoft,34628,40588.0,618,2023-10-26 19:04:48,zzd403,Gaming Consoles,iOS,Microsoft Edge,210.248.26.239,IMPS
USI_472,6Ae59f12CeBE2fCCf2EdcFc10f2eDC30,Wearable Technology,Tommy Hilfiger,36233,42908.0,156,2023-10-26 19:04:48,gpf802,Smart TVs,Android,Safari,22.33.5.219,Cash on Delivery (COD)
USI_903,FAEeE3fEDE9D76B83bc6c2C256aB3fdd,Televisions,Dior,47871,54017.0,350,2023-10-26 19:05:02,ftd992,Laptops,iOS,Microsoft Edge,55.64.87.131,Cash on Delivery (COD)
USI_61,8baE4bddDD8dc30bf89B42d83001dc1c,Televisions,HTC,14417,16320.0,1324,2023-10-26 19:05:02,jad819,Smartphones,macOS,Microsoft Edge,50.138.161.174,Mobile Wallets
USI_594,Deee4DfbB91A1d02b81Ba3FfeBe8E4aF,Televisions,Xiaomi,20671,22090.0,1261,2023-10-26 19:05:10,0,Tablets,macOS,Vivaldi,71.56.39.110,Credit Card
USI_732,dC6f80A70Af32c7cF32b2Cb67Cb661Cc,Networking Equipment,Cooler Master,71931,80773.0,201,2023-10-26 19:05:10,lpo984,Tablets,iOS,Edge,182.186.147.78,IMPS
USI_245,2E00fBEBf5D10Ef3ef39638bB25eB8Ef,Gaming Consoles,Western Digital,45306,49986.0,999,2023-10-26 19:05:10,ted991,Smartphones,Ubuntu,Edge,223.123.117.198,Debit Card
USI_243,f2DE4Fa4DaFFB4AeD39aDE898FCC1728,Smartphones,Toshiba,26999,31237.0,1208,2023-10-26 19:05:10,vxo415,Laptops,Android,Brave,1.69.128.125,Mobile Wallets
USI_712,dB2ABbb30C7e8F716F464e4e47eAB9ff,Desktop Computers,Seagate,64812,69070.0,1989,2023-10-26 19:05:29,ocp629,Smart TVs,Android,Edge,50.118.163.195,Mobile Wallets
USI_37,f429Cc9A2c7a9A45Af4F9B99B3a0AEbc,Desktop Computers,AMD,83734,89440.0,1727,2023-10-26 19:05:29,0,Tablets,iOS,Microsoft Edge,67.45.166.44,Mobile Wallets
USI_298,E5CF2dF3e609Ce2B85C161F7Adc0FD7F,Digital Cameras,Sony,57951,64000.0,1490,2023-10-26 19:05:29,0,Desktop Computers,Windows,Edge,95.229.18.239,Cash on Delivery (COD)
USI_676,BF336eEb538963598eefe5a6c6FB7edE,Tablets,ASUS,31726,36005.0,278,2023-10-26 19:05:29,kxp693,Tablets,Android,Chrome,184.194.33.219,Net Banking
USI_45,c7DFab6a3e7CC0C6a3C5cbCD30a5C5cd,Tablets,Sony,6919,7317.0,1475,2023-10-26 19:05:29,keq320,Gaming Consoles,Ubuntu,Microsoft Edge,80.93.83.21,Mobile Wallets
USI_531,d2Aef2Be1ED50aCF8f573Ab2EdDf07b8,Audio Equipment,Calvin Klein,78460,87394.0,1066,2023-10-26 19:05:59,0,Laptops,Windows,Opera,91.105.140.7,Credit Card
USI_136,bD3c010fc0f2b0Edf108eDcE442509FD,Laptops,Lexar,55952,59595.0,334,2023-10-26 19:05:59,0,Tablets,Windows,Opera,186.165.92.148,Credit Card
USI_156,89eEeAedcd25cDbB3ACEF283Bf6E46ea,Audio Equipment,Kingston,71033,81031.0,1144,2023-10-26 19:05:59,0,Smartphones,Ubuntu,Opera,15.127.19.158,Net Banking
USI_725,C6f0eF0Df9Fb2EB5e5F4f9CA97cEC3Bb,Gaming Consoles,HP,96452,112016.0,496,2023-10-26 19:05:59,0,Laptops,Android,Brave,251.169.40.112,Credit Card
USI_352,dAeEbf6EAB743befcBf347028862feEB,Wearable Technology,HP,93840,103099.0,690,2023-10-26 19:05:59,elv637,Desktop Computers,macOS,Brave,221.4.147.167,UPI
USI_147,A0C2BF4Dda7acd1EECBfd21dF2FA6Cfd,Desktop Computers,Acer,12315,13147.0,422,2023-10-26 19:05:59,0,Laptops,Android,Brave,42.131.122.252,RTGS
USI_3,31dB93CAcf0c8caA3Edc6DEdE0Bef8ef,Home Appliances,Diesel,41974,45858.0,713,2023-10-26 19:05:59,lvn961,Smart TVs,macOS,Safari,17.11.19.47,RTGS
USI_506,5041De4adbb9C56Cb05b6dA6CEDa3d5D,Accessories,LG,85449,99255.0,1005,2023-10-26 19:06:39,0,Smart TVs,Android,Safari,26.220.18.3,Cash on Delivery (COD)
USI_51,b01b6b0fEFC29C97df0fA25a24a8Fb8a,Tablets,Antec,29674,32607.0,575,2023-10-26 19:06:39,fes860,Smartphones,Linux,Chrome,107.7.210.152,NEFT
USI_545,5d338184bbc6Dd2e12dc847aAFDccA42,Audio Equipment,Samsung,92605,108397.0,178,2023-10-26 19:07:19,rmw664,Smartphones,Windows,Opera,148.37.1.26,Cash on Delivery (COD)
USI_598,DBAe74b3e8bc56abdcbbb2EEcFBCfDA3,Accessories,Google,90200,102646.0,1843,2023-10-26 19:07:19,evo113,Gaming Consoles,Windows,Opera,119.1.78.49,Credit Card
USI_536,be1C5C1d6BA6f959bBAd568c7386c327,Home Appliances,McDonald's,53831,56527.0,1688,2023-10-26 19:07:19,0,Gaming Consoles,Ubuntu,Opera,180.255.155.29,EMI
USI_656,1a0E91da66CdaDFBecCFCBC59b9DFAa9,Networking Equipment,MSI,93790,111330.0,1185,2023-10-26 19:07:19,wva381,Tablets,Linux,Opera,31.33.236.56,IMPS
USI_177,00F9Fe1DCe03f8a628EE4331AfCCac70,Laptops,LG,52266,60781.0,1873,2023-10-26 19:07:19,tlf529,Laptops,Windows,Firefox,244.96.114.69,Net Banking
USI_504,bBefaB3Ff0fFcaa16fA4231246fFC0C5,Wearable Technology,Tommy Hilfiger,85236,99275.0,1210,2023-10-26 19:07:19,vve238,Smartphones,iOS,Opera,210.32.110.111,Debit Card
USI_479,EFAe9cf6d472bD35feeDAf9F7b636fFf,Laptops,Lenovo,75989,83562.0,1912,2023-10-26 19:07:19,xda101,Tablets,Ubuntu,Opera,37.204.124.84,Net Banking
USI_322,066FE1a36CB9bd2B182aCbFfdF8284aA,Desktop Computers,Logitech,12585,14018.0,1449,2023-10-26 19:07:41,ogv3,Desktop Computers,Windows,Opera,59.9.142.238,IMPS
USI_455,4E0cbf6EB9B6E8BD67d5504bF141ff6f,Wearable Technology,Dell,13943,16002.0,1324,2023-10-26 19:07:41,ddi545,Smartphones,Ubuntu,Yandex Browser,102.197.202.95,UPI
USI_49,74B359E4972EACCf717B7E520E7f68ad,Wearable Technology,Sony,87708,94415.0,576,2023-10-26 19:07:41,nsh328,Laptops,iOS,Chrome,57.214.32.224,Credit Card
USI_544,98d42Fb8A40B1B421aa39BCcfe18A18E,Networking Equipment,Acer,98896,118072.0,1225,2023-10-26 19:07:41,0,Desktop Computers,Chrome OS,Chrome,108.96.171.244,IMPS
USI_89,9Ab2a4A2cE4c926B765eAF92474Ef5Be,Laptops,Swatch,46541,54625.0,436,2023-10-26 19:07:41,0,Smart TVs,iOS,Microsoft Edge,81.84.91.22,UPI
USI_988,CeebA853cDaB81D6eC81EA9bCEab662E,Gaming Consoles,Samsung,76625,87022.0,1495,2023-10-26 19:08:08,0,Desktop Computers,Windows,Yandex Browser,107.153.119.77,Cash on Delivery (COD)
USI_591,B0CCb05Cd9Ea1EC5aaCDaefc3D21624d,Digital Cameras,Kia,29164,33857.0,1321,2023-10-26 19:08:08,tvk87,Smartphones,iOS,Microsoft Edge,161.135.155.232,IMPS
USI_468,e25DfE3009F29A9B1bD90cD3225Daf95,Laptops,Bose,47150,51114.0,348,2023-10-26 19:08:08,iqv296,Desktop Computers,Chrome OS,Yandex Browser,32.228.92.154,Net Banking
USI_923,76eCfBbA092D6429be7b430f8CB29b24,Audio Equipment,Sennheiser,32402,34664.0,984,2023-10-26 19:08:08,0,Laptops,Ubuntu,Brave,22.67.168.237,Credit Card
USI_254,011aCBD94bC59ccadf15afd4DF7bb470,Networking Equipment,Toyota,60211,69539.0,1436,2023-10-26 19:08:08,0,Smartphones,Ubuntu,Edge,201.112.73.103,Cash on Delivery (COD)
USI_295,2a0EF72EA6AcbD1fcCcEa8aAaB288fdf,Networking Equipment,LG,76849,91566.0,363,2023-10-26 19:08:08,0,Gaming Consoles,Linux,Brave,192.47.7.126,Net Banking
USI_93,af40Bf8E97b67Cab111BB85FfDa894CC,Televisions,ASUS,78986,90692.0,201,2023-10-26 19:08:08,eam183,Gaming Consoles,Windows,Edge,239.54.47.221,IMPS
USI_407,c5537AF7E4d1fEA02CE236E2FAFcde8c,Home Appliances,Zara,10805,11568.0,1112,2023-10-28 23:34:27,0,Desktop Computers,macOS,Brave,11.155.177.182,Credit Card
USI_556,4ecC5c4b2f83A8e5dd30c4AcA641f15A,Digital Cameras,Samsung,9805,11140.0,1459,2023-10-28 23:34:27,0,Laptops,Ubuntu,Firefox,199.222.43.175,Debit Card
USI_808,BFaB8EA1eceF60cd5E9061470Fa80a8e,Tablets,LG,44033,46892.0,442,2023-10-28 23:34:27,0,Smart TVs,Ubuntu,Vivaldi,236.2.210.95,Cash on Delivery (COD)
USI_70,cE89CF5D4Fbd90D620618fCD6F2E7Ce2,Networking Equipment,HyperX,70292,78349.0,728,2023-10-28 23:34:27,0,Gaming Consoles,Ubuntu,Yandex Browser,198.152.103.221,Debit Card
USI_273,6fC7ac52C4fF63BFDFCCc09C09B05693,Home Appliances,Sennheiser,98424,114865.0,744,2023-10-28 23:34:27,0,Smart TVs,Ubuntu,Safari,172.241.60.159,Credit Card
USI_416,b6bBD3c0FBaFca7e5DFa0FFf9bDe2671,Digital Cameras,LG,92542,105673.0,1182,2023-10-28 23:34:27,0,Tablets,macOS,Opera,141.137.247.118,Debit Card
USI_554,46DfEacFD4A3A3A9DBaFdabdb3BB5fCf,Networking Equipment,SteelSeries,79264,88082.0,933,2023-10-28 23:34:27,vyp970,Smart TVs,Linux,Chrome,76.68.117.229,UPI
USI_960,43CBBC5dAB97b3A6cFe64adD2D9B6365,Home Appliances,Apple,75674,84669.0,612,2023-10-28 23:34:27,0,Smartphones,iOS,Yandex Browser,9.213.135.206,Cash on Delivery (COD)
USI_962,5346AaBde3BB8B0fA3722f5b40BcDbC7,Laptops,Fendi,90952,108305.0,562,2023-10-28 23:34:27,0,Smartphones,Android,Opera,39.17.192.80,Credit Card
USI_884,f73FFbDdEa4Fd0Ba188fFe35EfF9B90d,Audio Equipment,Dell,52411,55212.0,209,2023-10-28 23:34:27,ggb594,Smartphones,macOS,Edge,178.149.69.139,Net Banking
USI_56,ba9fB91E31ad03C92cAdadA80b8FdE7b,Accessories,Blackberry,19357,22801.0,1050,2023-10-28 23:34:46,0,Laptops,iOS,Firefox,77.233.193.251,RTGS
USI_784,59d5EFc41DaE5cAd33452a7D5d93BB28,Digital Cameras,ASUS,78764,94245.0,538,2023-10-28 23:34:46,agp758,Desktop Computers,Android,Microsoft Edge,220.30.138.20,UPI
USI_973,cA9c3a7dfac44d1D7fB53DB88CfA8A4e,Tablets,Lacoste,66870,77078.0,675,2023-10-28 23:34:46,0,Smart TVs,Windows,Microsoft Edge,182.232.254.192,UPI
USI_607,1b942dCe2992df980f0EA78030FAF8bB,Digital Cameras,AMD,79871,87368.0,1803,2023-10-28 23:34:46,0,Smart TVs,Windows,Opera,137.63.204.161,Debit Card
USI_264,e27bFAdEA396D9bd9C38E29C4Da0B8DE,Desktop Computers,Lenovo,13317,14736.0,665,2023-10-28 23:34:46,mmo109,Laptops,Linux,Firefox,40.2.12.160,Debit Card
USI_136,9eb07afe7B316e61BC1cB1bBfE985FCB,Networking Equipment,Apple,85716,96887.0,593,2023-10-28 23:35:06,0,Desktop Computers,Windows,Microsoft Edge,204.20.200.98,EMI
USI_367,107FEE5CBA3bFB2eEE09d6A4EBBECdD5,Audio Equipment,Nestle,65108,71122.0,249,2023-10-28 23:35:06,0,Smartphones,Ubuntu,Edge,142.47.51.161,EMI
USI_730,aa09BA2aa19212D89FbB9ceaAEAc7D2d,Smartphones,Logitech,46561,51232.0,1773,2023-10-28 23:35:06,sgu61,Laptops,Android,Chrome,236.178.94.119,Net Banking
USI_83,37B37fdE2af33f03FafaE02cE47De5FC,Home Appliances,Puma,11896,14130.0,1429,2023-10-28 23:35:14,qas932,Gaming Consoles,Linux,Vivaldi,131.122.207.141,NEFT
USI_369,20Cee85aEF51E039ABE13472CfEAF216,Smartphones,NZXT,5060,5681.0,429,2023-10-28 23:35:14,0,Gaming Consoles,iOS,Firefox,73.224.194.71,RTGS
USI_570,07dDd44808f38a0B4Dc027FA7D3E39B4,Gaming Consoles,Microsoft,99344,105806.0,1558,2023-10-28 23:35:14,0,Tablets,Chrome OS,Opera,37.82.231.14,Credit Card
USI_600,cF89FeB1AE811Eb91ee58c7cbbaa8eea,Laptops,Burberry,62341,71918.0,1419,2023-10-28 23:35:14,0,Desktop Computers,iOS,Chrome,189.43.61.94,UPI
USI_519,aDFcbbC8DbCCeCCcFf8Aa3C57Bd1148d,Wearable Technology,Vodafone,39018,41365.0,1206,2023-10-28 23:35:33,afj663,Desktop Computers,macOS,Opera,116.104.148.126,Debit Card
USI_639,D47c5F99377Ab876dCB14BA522bd0B15,Tablets,Verizon,37927,44239.0,201,2023-10-28 23:35:33,0,Tablets,macOS,Safari,137.43.5.40,Cash on Delivery (COD)
USI_874,b6fcEC46D2BB4b06D4AD1665fB4a2b31,Smartphones,Amazon,90873,105585.0,1782,2023-10-28 23:35:33,fqn602,Laptops,Ubuntu,Microsoft Edge,45.146.83.21,NEFT
USI_981,BCcea0Bc8C8C5aC0e8a35029302ba059,Tablets,Acer,46168,54925.0,1275,2023-10-28 23:35:33,gco842,Gaming Consoles,Android,Microsoft Edge,178.43.153.7,UPI
USI_312,fEe116f8A91EA5bDF0B78cb1DCBFD32C,Desktop Computers,Samsung,97220,109507.0,283,2023-10-28 23:35:33,spx155,Gaming Consoles,Windows,Opera,64.180.153.40,Debit Card
USI_368,d783Fe04dfe96dcd8C6EA2e7744416A0,Home Appliances,Gucci,15906,17708.0,461,2023-10-28 23:35:51,0,Gaming Consoles,Android,Brave,89.189.111.53,UPI
USI_739,066D3CA0EDf88eC8fFBf7DA3bfdeaa0e,Laptops,AT&T,53773,62833.0,1469,2023-10-28 23:35:51,ktx606,Smart TVs,Windows,Firefox,94.63.119.39,UPI
USI_979,1AEC3eDBE4C94D6aBEBDBAAF4dbdf58F,Digital Cameras,Nvidia,36100,42143.0,1788,2023-10-28 23:35:51,0,Desktop Computers,macOS,Microsoft Edge,50.15.147.7,RTGS
USI_608,d692827A04b1bAD869B8B2d28DD162F1,Gaming Consoles,Apple,76781,87698.0,1649,2023-10-28 23:35:51,lnx373,Tablets,Android,Edge,130.142.40.158,Cash on Delivery (COD)
USI_186,1cD8364eeACDFBc81afeBC7cBf5D9CAb,Wearable Technology,Under Armour,39813,45011.0,1826,2023-10-28 23:35:51,iqq651,Smart TVs,Ubuntu,Vivaldi,125.101.225.184,EMI
USI_789,7be41e2D8ACC6c86cD1B1bCa1Ed1b0b7,Accessories,Panasonic,41871,45645.0,708,2023-10-28 23:35:51,gvg121,Smartphones,Android,Firefox,7.209.202.185,Debit Card
USI_676,7d08fBABd9Fa76ac4e5Fe5C51ba39A5c,Audio Equipment,Panasonic,44216,51968.0,815,2023-10-28 23:35:51,0,Gaming Consoles,Ubuntu,Vivaldi,190.120.16.158,RTGS
USI_294,42E8539f3C9e6dF094F466E82cA9a18B,Laptops,Coca-Cola,11926,12896.0,1168,2023-10-28 23:35:51,lrd791,Laptops,Ubuntu,Firefox,60.175.26.12,UPI
USI_354,6FBF44Fa6EAa059Bba228C864aeD4485,Audio Equipment,Toshiba,94769,103903.0,1868,2023-10-28 23:35:51,ttd281,Gaming Consoles,macOS,Vivaldi,0.143.41.90,Credit Card
USI_730,9E3cEb59a77D418c3D4C7F5fC373a4aD,Tablets,Michael Kors,10834,12106.0,1836,2023-10-28 23:35:51,0,Tablets,macOS,Yandex Browser,128.172.95.136,Mobile Wallets
USI_347,81d6A48D0B2a530f69CE516B879CcF7c,Laptops,Toshiba,77442,89587.0,1185,2023-10-28 23:36:08,0,Gaming Consoles,iOS,Vivaldi,79.7.227.159,UPI
USI_691,1cdCfAFce4baDe78C4fc3afbA2Bc93F4,Laptops,Motorola,52442,61757.0,1174,2023-10-28 23:36:08,0,Smartphones,Windows,Microsoft Edge,126.161.138.91,Cash on Delivery (COD)
USI_578,6519badbfFd6c4206a016b965Aff0EEf,Laptops,ASUS,66165,74218.0,732,2023-10-28 23:36:08,0,Gaming Consoles,Linux,Yandex Browser,67.206.3.225,RTGS
USI_21,551C0847f234Aed35385D9e5610eABb5,Home Appliances,ASUS,11705,12395.0,1283,2023-10-28 23:36:08,gam901,Tablets,Windows,Vivaldi,35.226.75.61,Credit Card
USI_383,46fCAD1ad06DFd3b70CDA2C8a7EAbCEf,Audio Equipment,Ballistix,89839,104911.0,1795,2023-10-28 23:36:23,zfs83,Smartphones,macOS,Edge,6.110.248.255,Net Banking
USI_443,Dc25fC767E1c68A6F70946D0547184e9,Tablets,Pepsi,8723,10204.0,1578,2023-10-28 23:36:23,knm928,Desktop Computers,iOS,Edge,125.86.10.113,RTGS
USI_25,fBb32EF70170Ef6fE1beeD1BD1bb9De6,Desktop Computers,Toshiba,79436,91036.0,895,2023-10-28 23:36:23,0,Smartphones,Ubuntu,Yandex Browser,81.46.122.11,NEFT
USI_178,7CB4EeE708ce5d4592F8Ae43d3EdFa1c,Desktop Computers,Corsair,59498,62553.0,1930,2023-10-28 23:36:23,mml937,Smart TVs,Windows,Safari,9.119.207.83,EMI
USI_144,bCCfdD39379e4570bceeB098B3BDE3BB,Laptops,Timex,36402,40025.0,1293,2023-10-28 23:36:23,0,Gaming Consoles,Android,Chrome,19.153.151.87,Credit Card
USI_508,cDC9DfFe7B586725De1d058f0Ac3f156,Televisions,Nestle,74591,83183.0,1090,2023-10-28 23:36:52,0,Laptops,iOS,Firefox,48.53.10.255,NEFT
USI_373,FBCE7cd8093Fceb8a2c5c049D17cD4Be,Home Appliances,ASUS,83217,88329.0,1493,2023-10-28 23:36:52,okc100,Smart TVs,Linux,Vivaldi,57.240.225.108,Mobile Wallets
USI_864,eC6B25b2De8bDFacEdd6f45C51573415,Televisions,LG,61707,73096.0,1723,2023-10-28 23:36:52,xee36,Gaming Consoles,Linux,Vivaldi,236.229.88.90,Credit Card
USI_267,9801CA94c3eEfB7F9ce7bFce09aa9C3F,Audio Equipment,Amazon,53551,58626.0,898,2023-10-28 23:36:52,0,Smart TVs,Android,Safari,175.106.124.80,RTGS
USI_623,ecFfD7ED1F7d087817F71DFbc12BF51c,Televisions,Kingston,73841,84161.0,766,2023-10-28 23:36:52,0,Tablets,Chrome OS,Yandex Browser,202.158.239.84,IMPS
USI_904,c23DeA6aB8F6FC83416e7B558Cd4fB0D,Wearable Technology,Burger King,23461,26326.0,1981,2023-10-28 23:36:52,0,Tablets,Linux,Firefox,146.76.142.155,Credit Card
USI_688,ad8aC9D4cEE95E2F622c38C3eB052BF3,Networking Equipment,Versace,79203,90814.0,938,2023-10-29 10:11:32,exm921,Tablets,Linux,Edge,72.131.96.69,RTGS
USI_617,dfa5E85f3ecdC3fC9cD2a4ECCFc09Eee,Accessories,Casio,69039,79446.0,731,2023-10-29 10:11:32,bce633,Smartphones,Linux,Brave,77.163.144.102,IMPS
USI_293,C175d36443B730bAbBEDFbBDdB741566,Wearable Technology,Pepsi,27047,31219.0,193,2023-10-29 10:11:32,pbm791,Laptops,Ubuntu,Safari,250.98.41.106,Net Banking
USI_776,af1b35BcABAa19a435948DdBef25d9E4,Desktop Computers,HTC,73795,84764.0,1535,2023-10-29 10:11:32,ckf960,Desktop Computers,Ubuntu,Vivaldi,112.115.69.24,UPI
USI_450,4DACF17Cb8C0EdF1ef9D57baBe4E1E8d,Wearable Technology,Burger King,16868,20164.0,277,2023-10-29 10:11:32,ois615,Smart TVs,Ubuntu,Chrome,81.107.22.82,EMI
USI_363,fb26caBcEA0231eEfcC6ED71e6BaF10E,Televisions,Timex,79213,84273.0,954,2023-10-29 10:11:32,0,Desktop Computers,Chrome OS,Yandex Browser,107.170.91.140,UPI
USI_866,aaD6f6FdEBf04aAAc5Cf9c4E2AeB2AD1,Home Appliances,Dell,84629,101123.0,1969,2023-10-29 10:11:32,0,Smart TVs,Android,Brave,217.55.58.25,Net Banking
USI_129,0A758E9f691fAC57aCBA6FfE5e0Bc024,Laptops,Panasonic,84334,92127.0,753,2023-10-29 10:11:54,bnn432,Gaming Consoles,Ubuntu,Vivaldi,90.95.218.168,Net Banking
USI_213,c928E4b82E9Ea0Bff3E45F9e5D9B22b0,Tablets,Nike,46193,49643.0,1931,2023-10-29 10:11:54,fst612,Tablets,Ubuntu,Microsoft Edge,156.162.167.119,Mobile Wallets
USI_851,2C8EF132338F98bED05D5bBF4ADc28Ef,Digital Cameras,HP,27333,32099.0,764,2023-10-29 10:12:11,cyy20,Smart TVs,macOS,Microsoft Edge,102.11.25.69,UPI
USI_862,d2D3cfb1050aEa26E274ebc10cd6B951,Wearable Technology,Tommy Hilfiger,31124,34517.0,694,2023-10-29 10:12:11,irz657,Desktop Computers,Ubuntu,Vivaldi,135.16.20.164,RTGS
USI_471,5ebe05Ae174E8Cb7af0680f4fFC6BE76,Home Appliances,Corsair,79617,88064.0,510,2023-10-29 10:12:11,0,Desktop Computers,macOS,Yandex Browser,186.118.200.0,Credit Card
USI_253,e8AfdD7bdBf2b7Dfd8CB788F31071e10,Tablets,Huawei,72688,86422.0,748,2023-10-29 10:12:11,0,Laptops,macOS,Firefox,75.15.130.45,Mobile Wallets
USI_290,7DeDde93608A9bfBBe6aafEe7DdD1efe,Wearable Technology,Sony,99102,105375.0,792,2023-10-29 10:12:11,lxe817,Tablets,Chrome OS,Yandex Browser,27.245.156.204,Net Banking
USI_437,f84842CB3F1fECBDa21C9c52160E5b24,Gaming Consoles,Motorola,44857,48319.0,577,2023-10-29 10:12:11,0,Smart TVs,Ubuntu,Safari,108.5.1.10,NEFT
USI_11,c65CeB8d37899C2bcBbeAAc50574d70C,Televisions,General Electric,18990,21843.0,187,2023-10-29 10:12:36,0,Gaming Consoles,Android,Brave,161.224.60.83,Debit Card
USI_888,E1Ea3c05C988106a20DE40ff83696dcC,Smartphones,Bowers & Wilkins,37481,40483.0,1069,2023-10-29 10:12:36,cnk938,Desktop Computers,Ubuntu,Opera,2.196.150.154,Cash on Delivery (COD)
USI_606,b8247caFDb9b42BB06fBebEBcBbDf991,Smartphones,Timex,60289,71147.0,1171,2023-10-29 10:12:36,0,Smartphones,Windows,Microsoft Edge,231.138.128.66,Credit Card
USI_387,EC001CB62da278a9369A8c50b9F70edA,Televisions,Lenovo,73272,83976.0,1868,2023-10-29 10:12:36,0,Laptops,Android,Brave,78.52.43.0,Credit Card
USI_868,3a2a1D461c6ba78Ddb6b742A01cbaF3A,Laptops,Fujitsu,90271,105568.0,1924,2023-10-29 10:12:36,0,Gaming Consoles,Ubuntu,Chrome,52.107.26.2,Cash on Delivery (COD)
USI_260,0863E2D1bEC2C60E940A6f25Afb2eA7F,Desktop Computers,Google,33693,39466.0,1786,2023-10-29 10:12:36,awt247,Smartphones,Android,Chrome,235.28.188.81,Credit Card
USI_551,aBb02fdBe9Fb8B5881ed5AbeF3ea967c,Televisions,Ford,79996,86633.0,983,2023-10-29 10:12:49,wag844,Tablets,Linux,Brave,106.241.155.108,RTGS
USI_868,9CCaa1d19e20328562adF9089af267D8,Wearable Technology,Motorola,53001,59960.0,1113,2023-10-29 10:12:49,lnm127,Smartphones,iOS,Brave,72.221.97.57,NEFT
USI_995,B26cDa5e882FB85aaC9B221Dfa924Aba,Tablets,HP,90514,103956.0,964,2023-10-29 10:12:49,0,Gaming Consoles,Ubuntu,Vivaldi,40.19.175.130,Cash on Delivery (COD)
USI_982,ADf387a695C4eD45E3DBEAaba3B5406b,Wearable Technology,Fendi,58666,62448.0,790,2023-10-29 10:12:49,efv198,Smartphones,Chrome OS,Chrome,241.65.189.194,Net Banking
USI_673,9d16bF7F1C7b25D4a52c67C192BE0EE3,Audio Equipment,Burger King,9572,10755.0,770,2023-10-29 10:12:49,0,Laptops,Chrome OS,Yandex Browser,253.167.63.116,Credit Card
USI_479,97720AD3EE22F6c8ce56Ed4561F70Bf0,Televisions,Nestle,4179,4678.0,602,2023-10-29 10:12:49,0,Smart TVs,Ubuntu,Brave,241.61.162.238,Mobile Wallets
USI_617,E701BD1b5f7fF5B4CEc8DAcaf08Ba3d5,Wearable Technology,Crucial,70959,83629.0,1061,2023-10-29 10:12:49,0,Desktop Computers,iOS,Microsoft Edge,72.228.139.152,RTGS
USI_484,FE2299f26C4b390F1DdAFBB127d7fcef,Wearable Technology,Fujitsu,89224,100199.0,1376,2023-10-29 10:12:49,0,Laptops,Android,Chrome,205.12.132.229,RTGS
USI_538,156862E8DAbA0B80EAf16Fac11d5a228,Televisions,Hugo Boss,90708,107481.0,113,2023-10-29 10:58:20,ufs168,Gaming Consoles,Android,Chrome,56.93.195.115,NEFT
USI_565,f12aae2Ef4CF68B67C3A7c4f33CBcE4E,Audio Equipment,Chanel,82173,87795.0,1614,2023-10-29 10:58:20,rpj201,Gaming Consoles,Chrome OS,Chrome,170.107.59.249,NEFT
USI_421,E3F8e8cBF10E33F3423372d96CfD26Dd,Networking Equipment,Siemens,45883,54963.0,253,2023-10-29 10:58:20,yte443,Gaming Consoles,Android,Safari,34.23.44.243,RTGS
USI_145,e7727a9ABef1c680eb6AF440B7bCE9BA,Audio Equipment,Samsung,67384,79209.0,397,2023-10-29 10:58:20,0,Smartphones,Linux,Chrome,213.184.59.79,Mobile Wallets
USI_969,04B1C242E1BaDeA6b2428bB34dF0917f,Smartphones,Tiffany & Co.,14049,15757.0,173,2023-10-29 10:58:20,0,Desktop Computers,Android,Brave,29.250.60.45,Cash on Delivery (COD)
USI_538,9D71e3323c1BDb63Fb0A5Eb4249bB196,Laptops,Dell,30155,33004.0,1295,2023-10-29 10:58:20,zrm369,Smart TVs,iOS,Edge,32.206.83.131,Mobile Wallets
USI_829,23faeafdBB073931e1cEECfCfea50dbe,Home Appliances,Hermes,80792,89294.0,1815,2023-10-29 10:58:20,0,Desktop Computers,Ubuntu,Microsoft Edge,95.76.6.39,Net Banking
USI_175,48c99119acfFaC75C8b6FA723937C07f,Digital Cameras,Seagate,86314,97329.0,1792,2023-10-29 10:58:20,jbd218,Desktop Computers,Android,Vivaldi,205.19.95.206,NEFT
USI_487,bdc1A1acAd1C23853A3Ee6C34243C7CA,Accessories,Acer,76434,87715.0,536,2023-10-29 10:58:20,0,Gaming Consoles,Chrome OS,Brave,6.65.52.14,UPI
USI_669,EDd37fCE43D7464E94f9295f0C7AB2C6,Accessories,LG,5554,5947.0,656,2023-10-29 10:58:45,0,Smart TVs,Windows,Microsoft Edge,89.144.171.200,UPI
USI_248,DE2b1ed8d10dcB0c723EaF9Aa19FBd0a,Smartphones,Google,55042,59192.0,698,2023-10-29 10:58:45,0,Laptops,Windows,Brave,105.124.194.253,EMI
USI_58,41DE733F10a1Cfc9aA007f3a0B808F0C,Smartphones,SteelSeries,16914,19573.0,221,2023-10-29 10:58:45,0,Desktop Computers,Chrome OS,Opera,253.140.152.103,NEFT
USI_881,D2ED23747Aad63E8dA94E9EDBF4d4E76,Desktop Computers,McDonald's,86845,103248.0,1904,2023-10-29 10:58:45,dcw285,Laptops,iOS,Safari,155.165.132.12,IMPS
USI_855,69ccACE8B969Ab7ffcCaBbAB2Ccd9b3A,Digital Cameras,Logitech,14727,17148.0,848,2023-10-29 10:58:45,uii708,Gaming Consoles,Linux,Vivaldi,187.191.184.100,Cash on Delivery (COD)
USI_139,d16a269eac402aeFd8a82f7E3Ba63aBE,Smartphones,ZTE,69584,83063.0,1990,2023-10-29 10:58:45,0,Gaming Consoles,iOS,Opera,20.236.204.46,Net Banking
USI_836,Fbd329AAfeCC01fAd4b2Eb4840Ea5C5E,Home Appliances,Cooler Master,59763,64197.0,1645,2023-10-29 10:59:09,mit441,Tablets,Android,Microsoft Edge,23.0.30.216,UPI
USI_392,d65752bBCf6FC9b2D92e2BFEDdbB014E,Home Appliances,Antec,24072,26720.0,1869,2023-10-29 10:59:09,ciw675,Smart TVs,Ubuntu,Opera,142.9.94.49,Cash on Delivery (COD)
USI_670,b7cfd9eE6cddcca06aD68B22eD3fF5b0,Digital Cameras,Google,77623,86480.0,345,2023-10-29 10:59:09,0,Gaming Consoles,Ubuntu,Yandex Browser,117.232.85.223,UPI
USI_679,7eBbAF548c56cCfa2DBa78Caa2823ECE,Networking Equipment,Logitech,5314,6266.0,1786,2023-10-29 10:59:09,0,Smart TVs,macOS,Vivaldi,14.243.218.223,EMI
USI_337,d7e7ab970392F7dA39f5c09BA0b0A93A,Accessories,ASUS,85834,98395.0,100,2023-10-29 10:59:09,0,Laptops,Android,Firefox,66.75.167.141,RTGS
USI_358,64ddce7182E5F5CCbbFb055BD3Cd9316,Audio Equipment,BenQ,71591,80379.0,997,2023-10-29 10:59:09,0,Desktop Computers,Windows,Firefox,125.33.245.110,Debit Card
USI_942,43B4Efa92aA3dFDe18a904C69C8eb5A8,Televisions,Cooler Master,32758,35676.0,1040,2023-10-29 10:59:09,0,Gaming Consoles,Android,Edge,57.200.249.189,RTGS
USI_346,9C4E871BeE37fD68a7F4cc1e57F0c094,Digital Cameras,Dior,93430,111056.0,746,2023-10-29 10:59:09,jpa990,Smart TVs,Windows,Firefox,57.109.111.243,Mobile Wallets
USI_615,5b06ffcAF10c1Cb6EF3729a073CFECBa,Gaming Consoles,Beats by Dre,51855,62088.0,1165,2023-10-29 10:59:17,cbl862,Gaming Consoles,iOS,Chrome,134.93.92.86,Debit Card
USI_240,D713D70Ba4Fdd7Fadd7A04bb3F9Fa5A0,Audio Equipment,Seagate,74593,88912.0,1966,2023-10-29 10:59:17,bhl276,Smart TVs,Chrome OS,Edge,183.249.94.131,Credit Card
USI_572,dAa55fcCcd016F8661fCFE9EbCCaF463,Laptops,Nvidia,89725,98736.0,1972,2023-10-29 10:59:17,0,Tablets,Windows,Edge,78.170.48.50,Debit Card
